,Hydroelectric Power,Geothermal Energy,Solar Energy,Wind Energy,Biomass Energy
Hydroelectric Power,1.0,-0.45059573342072234,-0.5059249745910018,-0.6202885854409488,-0.5343712190338811
Geothermal Energy,-0.45059573342072234,1.0,0.6119855867517227,0.7178019047209422,0.9472930755180019
Solar Energy,-0.5059249745910018,0.6119855867517227,1.0,0.8758422787659303,0.6846598822077604
Wind Energy,-0.6202885854409488,0.7178019047209422,0.8758422787659303,1.0,0.8147350839155448
Biomass Energy,-0.5343712190338811,0.9472930755180019,0.6846598822077604,0.8147350839155448,1.0
