Model,R2,RMSE,MAE,MAPE
Linear Regression,0.8134605327612626,13.356854304443313,10.609465164727514,2.05708559138862
ARIMA,0.5794837634924135,20.0544246662967,16.193436793980997,3.1306937913861868
Neural Network (MLP),0.4554768013468308,22.820597766352517,18.103349917527666,3.5237050652034307
Random Forest,0.3203450849753884,25.495471832965073,19.717280408163234,3.7147120601642354
Gradient Boosting,0.17830724531806053,28.033256547122182,21.164913773796204,3.971276314651362
SVR,-0.01645084484815329,31.17898788812983,26.863724828602273,5.10230666200462
