Metric,Value
count,613.0
mean,354.36104567699834
std,89.09078618717476
min,185.3
25%,302.307
50%,334.62399999999997
75%,407.845
max,590.693
