Test,Value
ADF Statistic,-0.3476306025138717
p-value,0.9184822690134038
Stationary?,No
Critical Value (5%),-2.8664097967491498
